<?xml version="1.0" encoding="UTF-8"?>
<project-private xmlns="http://www.netbeans.org/ns/project-private/1">
    <editor-bookmarks xmlns="http://www.netbeans.org/ns/editor-bookmarks/2" lastBookmarkId="0"/>
    <open-files xmlns="http://www.netbeans.org/ns/projectui-open-files/2">
        <group>
            <file>file:/C:/Users/akhil/Documents/NetBeansProjects/SmartCity/src/com/example/drone/Drone.java</file>
            <file>file:/C:/Users/akhil/Documents/NetBeansProjects/SmartCity/src/com/example/places/Places.java</file>
            <file>file:/C:/Users/akhil/Documents/NetBeansProjects/SmartCity/src/com/example/service/LocationService.java</file>
            <file>file:/C:/Users/akhil/Documents/NetBeansProjects/SmartCity/src/com/example/service/PlacesService.java</file>
            <file>file:/C:/Users/akhil/Documents/NetBeansProjects/SmartCity/src/com/example/admin/LoginAuthentication.java</file>
            <file>file:/C:/Users/akhil/Documents/NetBeansProjects/SmartCity/src/com/example/findlocation/FindLocation.java</file>
            <file>file:/C:/Users/akhil/Documents/NetBeansProjects/SmartCity/src/com/example/drone/TouristGuide.java</file>
            <file>file:/C:/Users/akhil/Documents/NetBeansProjects/SmartCity/src/com/example/service/TouristService.java</file>
            <file>file:/C:/Users/akhil/Documents/NetBeansProjects/SmartCity/src/com/example/drone/Cop.java</file>
        </group>
    </open-files>
</project-private>
